{"format":2,"version":"5.1","globals":"9a95fc1928745ea80c2933d5c381bc1e","files":{"douban_custom_settings_py":{"hash":"4c64169b2bfda67f633c777a0a7e7e76","index":{"nums":[1,4,0,0,0,0,0],"html_filename":"douban_custom_settings_py.html","relative_filename":"douban/custom_settings.py"}},"douban_items_py":{"hash":"1e7ecec489a0b013259187bd34a6d88f","index":{"nums":[1,64,0,0,0,0,0],"html_filename":"douban_items_py.html","relative_filename":"douban/items.py"}},"douban_middlewares_py":{"hash":"88b602bd54430a1a2ccddadbe2fd71fc","index":{"nums":[1,78,0,20,0,0,0],"html_filename":"douban_middlewares_py.html","relative_filename":"douban/middlewares.py"}},"douban_pipelines_py":{"hash":"7c93a40bfbf7ee8aaa16c23cd7e1b6cf","index":{"nums":[1,18,0,3,0,0,0],"html_filename":"douban_pipelines_py.html","relative_filename":"douban/pipelines.py"}},"douban_proxypool_py":{"hash":"ced6ae47f6c7b7513cf2a58ccd1cd812","index":{"nums":[1,5,0,0,0,0,0],"html_filename":"douban_proxypool_py.html","relative_filename":"douban/proxypool.py"}},"douban_spiders_booksearch_py":{"hash":"d4643565300cb67711dbe9910044c365","index":{"nums":[1,118,0,3,0,0,0],"html_filename":"douban_spiders_booksearch_py.html","relative_filename":"douban/spiders/booksearch.py"}},"douban_spiders_moviesearch_py":{"hash":"14ba7a8c1973c044fc1241250ff64ea1","index":{"nums":[1,141,0,3,0,0,0],"html_filename":"douban_spiders_moviesearch_py.html","relative_filename":"douban/spiders/moviesearch.py"}},"douban_spiders_musicsearch_py":{"hash":"f599bc10eef2b089bc3f5d5f9bd59d3e","index":{"nums":[1,111,0,2,0,0,0],"html_filename":"douban_spiders_musicsearch_py.html","relative_filename":"douban/spiders/musicsearch.py"}},"douban_useragent_py":{"hash":"0627167cfc1bd8524ba7d950d6428bf2","index":{"nums":[1,1,0,0,0,0,0],"html_filename":"douban_useragent_py.html","relative_filename":"douban/useragent.py"}},"test_booksearch_py":{"hash":"03dbf920eca68e418b9690205f640e28","index":{"nums":[1,81,0,12,0,0,0],"html_filename":"test_booksearch_py.html","relative_filename":"test_booksearch.py"}},"test_middlewares_py":{"hash":"75a6db80d385b55be794b9e6a5d4c4cc","index":{"nums":[1,44,0,0,0,0,0],"html_filename":"test_middlewares_py.html","relative_filename":"test_middlewares.py"}},"test_moviesearch_py":{"hash":"022ef4f3f2f81c1b595471eee09e6840","index":{"nums":[1,81,0,12,0,0,0],"html_filename":"test_moviesearch_py.html","relative_filename":"test_moviesearch.py"}},"test_musicsearch_py":{"hash":"4fa64b3ad0934172ac51c379087bd932","index":{"nums":[1,81,0,12,0,0,0],"html_filename":"test_musicsearch_py.html","relative_filename":"test_musicsearch.py"}},"test_pipelines_py":{"hash":"311beaf6a01c4d23e01803eb372b6b83","index":{"nums":[1,9,0,0,0,0,0],"html_filename":"test_pipelines_py.html","relative_filename":"test_pipelines.py"}}}}