{"format":2,"version":"5.1","globals":"a7474815a6bf63eeb9e18017ade09ede","files":{"EasySpiderWeb___init___py":{"hash":"af9d0d0de0ea3b71d198bc63f1499a7d","index":{"nums":[1,0,0,0,0,0,0],"html_filename":"EasySpiderWeb___init___py.html","relative_filename":"EasySpiderWeb\\__init__.py"}},"EasySpiderWeb_asgi_py":{"hash":"84d740119a1c6e9efa0baba8c24a9915","index":{"nums":[1,4,0,4,0,0,0],"html_filename":"EasySpiderWeb_asgi_py.html","relative_filename":"EasySpiderWeb\\asgi.py"}},"EasySpiderWeb_routing_py":{"hash":"fbf660869d2b96ac056590805474be75","index":{"nums":[1,4,0,4,0,0,0],"html_filename":"EasySpiderWeb_routing_py.html","relative_filename":"EasySpiderWeb\\routing.py"}},"EasySpiderWeb_urls_py":{"hash":"88fcc626569ad5e10ba4a134cc96011a","index":{"nums":[1,4,0,0,0,0,0],"html_filename":"EasySpiderWeb_urls_py.html","relative_filename":"EasySpiderWeb\\urls.py"}},"EasySpiderWeb_views_py":{"hash":"ec64a1168b1395811fb01ff1e9e29e11","index":{"nums":[1,12,0,1,0,0,0],"html_filename":"EasySpiderWeb_views_py.html","relative_filename":"EasySpiderWeb\\views.py"}},"EasySpiderWeb_wsgi_py":{"hash":"da003dc86cea767fe8cf5b3815f79bf8","index":{"nums":[1,4,0,4,0,0,0],"html_filename":"EasySpiderWeb_wsgi_py.html","relative_filename":"EasySpiderWeb\\wsgi.py"}},"easyspider___init___py":{"hash":"af9d0d0de0ea3b71d198bc63f1499a7d","index":{"nums":[1,0,0,0,0,0,0],"html_filename":"easyspider___init___py.html","relative_filename":"easyspider\\__init__.py"}},"easyspider_admin_py":{"hash":"af9d0d0de0ea3b71d198bc63f1499a7d","index":{"nums":[1,0,0,0,0,0,0],"html_filename":"easyspider_admin_py.html","relative_filename":"easyspider\\admin.py"}},"easyspider_apps_py":{"hash":"417bcf65979864d2374851fe9af84458","index":{"nums":[1,3,0,0,0,0,0],"html_filename":"easyspider_apps_py.html","relative_filename":"easyspider\\apps.py"}},"easyspider_migrations_0001_initial_py":{"hash":"4980650d5ea134261c545318b80c5021","index":{"nums":[1,6,0,0,0,0,0],"html_filename":"easyspider_migrations_0001_initial_py.html","relative_filename":"easyspider\\migrations\\0001_initial.py"}},"easyspider_migrations_0002_auto_20200423_1707_py":{"hash":"b2e77a30fff4ea135cb302f98ba67963","index":{"nums":[1,5,0,0,0,0,0],"html_filename":"easyspider_migrations_0002_auto_20200423_1707_py.html","relative_filename":"easyspider\\migrations\\0002_auto_20200423_1707.py"}},"easyspider_migrations_0003_auto_20200501_1325_py":{"hash":"febacd987ab3ce78e8fe7eac26e95e72","index":{"nums":[1,6,0,0,0,0,0],"html_filename":"easyspider_migrations_0003_auto_20200501_1325_py.html","relative_filename":"easyspider\\migrations\\0003_auto_20200501_1325.py"}},"easyspider_migrations_0004_auto_20200501_2320_py":{"hash":"3e11768e68d65f4c5d4eb26436ec2365","index":{"nums":[1,4,0,0,0,0,0],"html_filename":"easyspider_migrations_0004_auto_20200501_2320_py.html","relative_filename":"easyspider\\migrations\\0004_auto_20200501_2320.py"}},"easyspider_migrations_0005_auto_20200503_1712_py":{"hash":"89042644f9f0cace6818dc345527123b","index":{"nums":[1,4,0,0,0,0,0],"html_filename":"easyspider_migrations_0005_auto_20200503_1712_py.html","relative_filename":"easyspider\\migrations\\0005_auto_20200503_1712.py"}},"easyspider_migrations___init___py":{"hash":"af9d0d0de0ea3b71d198bc63f1499a7d","index":{"nums":[1,0,0,0,0,0,0],"html_filename":"easyspider_migrations___init___py.html","relative_filename":"easyspider\\migrations\\__init__.py"}},"easyspider_models_py":{"hash":"af9d0d0de0ea3b71d198bc63f1499a7d","index":{"nums":[1,0,0,0,0,0,0],"html_filename":"easyspider_models_py.html","relative_filename":"easyspider\\models.py"}},"easyspider_tests_py":{"hash":"af9d0d0de0ea3b71d198bc63f1499a7d","index":{"nums":[1,0,0,0,0,0,0],"html_filename":"easyspider_tests_py.html","relative_filename":"easyspider\\tests.py"}},"easyspider_urls_py":{"hash":"c194e9ef974e88eb0fcaca35d915dad2","index":{"nums":[1,3,0,0,0,0,0],"html_filename":"easyspider_urls_py.html","relative_filename":"easyspider\\urls.py"}},"easyspider_views_py":{"hash":"bdbd0d6a7bc496018ae48424c59e32d2","index":{"nums":[1,177,0,144,0,0,0],"html_filename":"easyspider_views_py.html","relative_filename":"easyspider\\views.py"}},"manage_py":{"hash":"933df860b993a9155db421f5134169c4","index":{"nums":[1,12,0,2,0,0,0],"html_filename":"manage_py.html","relative_filename":"manage.py"}},"pic___init___py":{"hash":"af9d0d0de0ea3b71d198bc63f1499a7d","index":{"nums":[1,0,0,0,0,0,0],"html_filename":"pic___init___py.html","relative_filename":"pic\\__init__.py"}},"pic_admin_py":{"hash":"23b3f8ab894286afb6416200cf284c31","index":{"nums":[1,1,0,0,0,0,0],"html_filename":"pic_admin_py.html","relative_filename":"pic\\admin.py"}},"pic_apps_py":{"hash":"ea237f9a1471aa43f7e8bcd351f6416d","index":{"nums":[1,3,0,0,0,0,0],"html_filename":"pic_apps_py.html","relative_filename":"pic\\apps.py"}},"pic_migrations___init___py":{"hash":"af9d0d0de0ea3b71d198bc63f1499a7d","index":{"nums":[1,0,0,0,0,0,0],"html_filename":"pic_migrations___init___py.html","relative_filename":"pic\\migrations\\__init__.py"}},"pic_models_py":{"hash":"d1fe3410689f990be0aed25fad2be2c0","index":{"nums":[1,1,0,0,0,0,0],"html_filename":"pic_models_py.html","relative_filename":"pic\\models.py"}},"pic_tests_py":{"hash":"60469d4b014ca0096337d472abbced0b","index":{"nums":[1,52,0,0,0,0,0],"html_filename":"pic_tests_py.html","relative_filename":"pic\\tests.py"}},"pic_urls_py":{"hash":"0a6275d15489c80bbf893ee97e77185f","index":{"nums":[1,4,0,0,0,0,0],"html_filename":"pic_urls_py.html","relative_filename":"pic\\urls.py"}},"pic_views_py":{"hash":"4f50c849863fed5516864b5c7e413ea7","index":{"nums":[1,29,0,7,0,0,0],"html_filename":"pic_views_py.html","relative_filename":"pic\\views.py"}},"scheduler___init___py":{"hash":"af9d0d0de0ea3b71d198bc63f1499a7d","index":{"nums":[1,0,0,0,0,0,0],"html_filename":"scheduler___init___py.html","relative_filename":"scheduler\\__init__.py"}},"scheduler_admin_py":{"hash":"d4f759a78360d2c3f85c84d5b7b47fe6","index":{"nums":[1,4,0,0,0,0,0],"html_filename":"scheduler_admin_py.html","relative_filename":"scheduler\\admin.py"}},"scheduler_apps_py":{"hash":"ffb7f9f6daa5c5d15d98bb1f3e0aaab2","index":{"nums":[1,3,0,0,0,0,0],"html_filename":"scheduler_apps_py.html","relative_filename":"scheduler\\apps.py"}},"scheduler_migrations_0001_initial_py":{"hash":"4f82b67f1151c93df420c4213b4deb09","index":{"nums":[1,6,0,0,0,0,0],"html_filename":"scheduler_migrations_0001_initial_py.html","relative_filename":"scheduler\\migrations\\0001_initial.py"}},"scheduler_migrations_0002_job_task_py":{"hash":"e5bf4c6b23d3c5e7c769d32ce6d64c7e","index":{"nums":[1,6,0,0,0,0,0],"html_filename":"scheduler_migrations_0002_job_task_py.html","relative_filename":"scheduler\\migrations\\0002_job_task.py"}},"scheduler_migrations___init___py":{"hash":"af9d0d0de0ea3b71d198bc63f1499a7d","index":{"nums":[1,0,0,0,0,0,0],"html_filename":"scheduler_migrations___init___py.html","relative_filename":"scheduler\\migrations\\__init__.py"}},"scheduler_models_py":{"hash":"6a90bc6c2964a52a0f58caf3fb1518cf","index":{"nums":[1,19,0,2,0,0,0],"html_filename":"scheduler_models_py.html","relative_filename":"scheduler\\models.py"}},"scheduler_tests_py":{"hash":"f19c76500f700766a5a7685bbf253a0f","index":{"nums":[1,1,0,0,0,0,0],"html_filename":"scheduler_tests_py.html","relative_filename":"scheduler\\tests.py"}},"scheduler_urls_py":{"hash":"61e9e248098a662bff4c58d7e60b0dd4","index":{"nums":[1,4,0,0,0,0,0],"html_filename":"scheduler_urls_py.html","relative_filename":"scheduler\\urls.py"}},"scheduler_views_py":{"hash":"079d4bbb1634f5e0e40410ce1cb0b73a","index":{"nums":[1,83,0,59,0,0,0],"html_filename":"scheduler_views_py.html","relative_filename":"scheduler\\views.py"}},"spiderTemplate___init___py":{"hash":"af9d0d0de0ea3b71d198bc63f1499a7d","index":{"nums":[1,0,0,0,0,0,0],"html_filename":"spiderTemplate___init___py.html","relative_filename":"spiderTemplate\\__init__.py"}},"spiderTemplate_admin_py":{"hash":"bf4a4340e147f6c06a719f652520fc85","index":{"nums":[1,7,0,0,0,0,0],"html_filename":"spiderTemplate_admin_py.html","relative_filename":"spiderTemplate\\admin.py"}},"spiderTemplate_apps_py":{"hash":"4dbd68e7861c00712eace5752a1da047","index":{"nums":[1,3,0,0,0,0,0],"html_filename":"spiderTemplate_apps_py.html","relative_filename":"spiderTemplate\\apps.py"}},"spiderTemplate_migrations_0001_initial_py":{"hash":"70386347a4166477c90ca72812191770","index":{"nums":[1,6,0,0,0,0,0],"html_filename":"spiderTemplate_migrations_0001_initial_py.html","relative_filename":"spiderTemplate\\migrations\\0001_initial.py"}},"spiderTemplate_migrations_0002_auto_20200501_1325_py":{"hash":"569ba6a1f2ce783c52e97e60c9348428","index":{"nums":[1,4,0,0,0,0,0],"html_filename":"spiderTemplate_migrations_0002_auto_20200501_1325_py.html","relative_filename":"spiderTemplate\\migrations\\0002_auto_20200501_1325.py"}},"spiderTemplate_migrations_0003_auto_20200501_2351_py":{"hash":"d19fe3ed6794eaa3a192eaa8ae5b679b","index":{"nums":[1,5,0,0,0,0,0],"html_filename":"spiderTemplate_migrations_0003_auto_20200501_2351_py.html","relative_filename":"spiderTemplate\\migrations\\0003_auto_20200501_2351.py"}},"spiderTemplate_migrations_0004_auto_20200510_2221_py":{"hash":"447526c27f977492108893d823f9f717","index":{"nums":[1,4,0,0,0,0,0],"html_filename":"spiderTemplate_migrations_0004_auto_20200510_2221_py.html","relative_filename":"spiderTemplate\\migrations\\0004_auto_20200510_2221.py"}},"spiderTemplate_migrations_0005_auto_20200512_1623_py":{"hash":"8a733dd38c1893442b058501a3abd6dd","index":{"nums":[1,4,0,0,0,0,0],"html_filename":"spiderTemplate_migrations_0005_auto_20200512_1623_py.html","relative_filename":"spiderTemplate\\migrations\\0005_auto_20200512_1623.py"}},"spiderTemplate_migrations___init___py":{"hash":"af9d0d0de0ea3b71d198bc63f1499a7d","index":{"nums":[1,0,0,0,0,0,0],"html_filename":"spiderTemplate_migrations___init___py.html","relative_filename":"spiderTemplate\\migrations\\__init__.py"}},"spiderTemplate_models_py":{"hash":"5d4d03aa1bb9633eaeaddd6a2df64b83","index":{"nums":[1,57,0,4,0,0,0],"html_filename":"spiderTemplate_models_py.html","relative_filename":"spiderTemplate\\models.py"}},"spiderTemplate_templatetags___init___py":{"hash":"af9d0d0de0ea3b71d198bc63f1499a7d","index":{"nums":[1,0,0,0,0,0,0],"html_filename":"spiderTemplate_templatetags___init___py.html","relative_filename":"spiderTemplate\\templatetags\\__init__.py"}},"spiderTemplate_templatetags_spiderTemplate_extras_py":{"hash":"3d1631f374e222c3786b467f553fd807","index":{"nums":[1,7,0,1,0,0,0],"html_filename":"spiderTemplate_templatetags_spiderTemplate_extras_py.html","relative_filename":"spiderTemplate\\templatetags\\spiderTemplate_extras.py"}},"spiderTemplate_tests_py":{"hash":"8b459659b13e7051282fc8fc1abe6fbf","index":{"nums":[1,99,0,0,0,0,0],"html_filename":"spiderTemplate_tests_py.html","relative_filename":"spiderTemplate\\tests.py"}},"spiderTemplate_urls_py":{"hash":"3afaee245772c1c2dc7af0ee912172e2","index":{"nums":[1,3,0,0,0,0,0],"html_filename":"spiderTemplate_urls_py.html","relative_filename":"spiderTemplate\\urls.py"}},"spiderTemplate_views_py":{"hash":"4776533b52a43419c1d5fc39e535c33d","index":{"nums":[1,55,0,16,0,0,0],"html_filename":"spiderTemplate_views_py.html","relative_filename":"spiderTemplate\\views.py"}},"task___init___py":{"hash":"af9d0d0de0ea3b71d198bc63f1499a7d","index":{"nums":[1,0,0,0,0,0,0],"html_filename":"task___init___py.html","relative_filename":"task\\__init__.py"}},"task_admin_py":{"hash":"4e5493458859813daa81b42efa05c680","index":{"nums":[1,3,0,0,0,0,0],"html_filename":"task_admin_py.html","relative_filename":"task\\admin.py"}},"task_apps_py":{"hash":"f264006066b5d911d937ae18bf5d7748","index":{"nums":[1,3,0,0,0,0,0],"html_filename":"task_apps_py.html","relative_filename":"task\\apps.py"}},"task_consumers_py":{"hash":"087105749e470a0b49506626769eef5d","index":{"nums":[1,23,0,13,0,0,0],"html_filename":"task_consumers_py.html","relative_filename":"task\\consumers.py"}},"task_migrations_0001_initial_py":{"hash":"82d2696fb2edc38ba432b341ed07067f","index":{"nums":[1,7,0,0,0,0,0],"html_filename":"task_migrations_0001_initial_py.html","relative_filename":"task\\migrations\\0001_initial.py"}},"task_migrations_0002_auto_20200505_1629_py":{"hash":"3cf9fb749d040e5dc651cc913b048fbc","index":{"nums":[1,4,0,0,0,0,0],"html_filename":"task_migrations_0002_auto_20200505_1629_py.html","relative_filename":"task\\migrations\\0002_auto_20200505_1629.py"}},"task_migrations_0003_auto_20200509_1847_py":{"hash":"b1db5cdd8be0dd8c18f89ce026938e3e","index":{"nums":[1,5,0,0,0,0,0],"html_filename":"task_migrations_0003_auto_20200509_1847_py.html","relative_filename":"task\\migrations\\0003_auto_20200509_1847.py"}},"task_migrations_0004_task_run_times_py":{"hash":"f11e2e4c91136a018e2ccf6e6a35496a","index":{"nums":[1,4,0,0,0,0,0],"html_filename":"task_migrations_0004_task_run_times_py.html","relative_filename":"task\\migrations\\0004_task_run_times.py"}},"task_migrations___init___py":{"hash":"af9d0d0de0ea3b71d198bc63f1499a7d","index":{"nums":[1,0,0,0,0,0,0],"html_filename":"task_migrations___init___py.html","relative_filename":"task\\migrations\\__init__.py"}},"task_models_py":{"hash":"0fcff83162196e1a060c0124b1dbd8d0","index":{"nums":[1,61,0,3,0,0,0],"html_filename":"task_models_py.html","relative_filename":"task\\models.py"}},"task_routing_py":{"hash":"7b7ea0685291aa857876343eeb89ddf6","index":{"nums":[1,3,0,3,0,0,0],"html_filename":"task_routing_py.html","relative_filename":"task\\routing.py"}},"task_tests_py":{"hash":"d8c34210dccd6834a3d9a233abcd9544","index":{"nums":[1,286,0,0,0,0,0],"html_filename":"task_tests_py.html","relative_filename":"task\\tests.py"}},"task_urls_py":{"hash":"c74bdacda299108c10bc91a39cca6bc7","index":{"nums":[1,3,0,0,0,0,0],"html_filename":"task_urls_py.html","relative_filename":"task\\urls.py"}},"task_views_py":{"hash":"821410c174ae7483b6518cd284d4f9a1","index":{"nums":[1,185,0,81,0,0,0],"html_filename":"task_views_py.html","relative_filename":"task\\views.py"}},"user___init___py":{"hash":"af9d0d0de0ea3b71d198bc63f1499a7d","index":{"nums":[1,0,0,0,0,0,0],"html_filename":"user___init___py.html","relative_filename":"user\\__init__.py"}},"user_admin_py":{"hash":"23b3f8ab894286afb6416200cf284c31","index":{"nums":[1,1,0,0,0,0,0],"html_filename":"user_admin_py.html","relative_filename":"user\\admin.py"}},"user_apps_py":{"hash":"fa7143d96aaf6003695a37078f3aba24","index":{"nums":[1,3,0,0,0,0,0],"html_filename":"user_apps_py.html","relative_filename":"user\\apps.py"}},"user_migrations___init___py":{"hash":"af9d0d0de0ea3b71d198bc63f1499a7d","index":{"nums":[1,0,0,0,0,0,0],"html_filename":"user_migrations___init___py.html","relative_filename":"user\\migrations\\__init__.py"}},"user_models_py":{"hash":"fbb2fd694852d918f7af8f9ceb366855","index":{"nums":[1,1,0,0,0,0,0],"html_filename":"user_models_py.html","relative_filename":"user\\models.py"}},"user_tests_py":{"hash":"7a9db1dbc9c1f9f5b11f614c4251c0e4","index":{"nums":[1,84,0,0,0,0,0],"html_filename":"user_tests_py.html","relative_filename":"user\\tests.py"}},"user_urls_py":{"hash":"bb4bb0e43b9ebb20e9f967962a1818ba","index":{"nums":[1,3,0,0,0,0,0],"html_filename":"user_urls_py.html","relative_filename":"user\\urls.py"}},"user_views_py":{"hash":"029a1ed9d37ef0a8ccbb7396924563e4","index":{"nums":[1,50,0,2,0,0,0],"html_filename":"user_views_py.html","relative_filename":"user\\views.py"}}}}