{"format":2,"version":"5.1","globals":"b283593f4b4563823cd6e65a9c7bda29","files":{"node_py":{"hash":"034ea9975d7026742ad759b2168085fd","index":{"nums":[1,217,0,66,0,0,0],"html_filename":"node_py.html","relative_filename":"node.py"}},"settings_py":{"hash":"b1484bcf4567ebc199ef26ee672b25e9","index":{"nums":[1,2,0,0,0,0,0],"html_filename":"settings_py.html","relative_filename":"settings.py"}},"test_py":{"hash":"d4dd5daa2187155bd3fbfefcdd22b501","index":{"nums":[1,152,0,0,0,0,0],"html_filename":"test_py.html","relative_filename":"test.py"}}}}